original_url,saved_filename,sha256,width,height,format,status,original_name,error
https://media.licdn.com/dms/image/v2/D5622AQG9GP_ksIWZ3w/feedshare-shrink_1280/B56aC5Jgz0J4AM-/0/1789812674483?e=1791417600&v=beta&t=pY4sfu0Cp-gFVNn1xpBVr3SVeVPZEPxK7DHwGfzIBN4,images/image_0001.jpg,a0060362b5ab42ce75c719ee36ee7716aa3385a97262f1cb4388d71022754d5e,1074,1074,JPEG,saved,source_001.bin,
https://media.licdn.com/dms/image/v2/D4D22AQGR9xKQ0VhE6g/feedshare-shrink_1280/B4DaCMsVqHKkAQ-/0/1789066829048?e=1791417600&v=beta&t=JUkeiV8vv3X2oO6SvxvtyT1qvWhK_tp1af2Wpa6Y5r8,images/image_0002.jpg,59422b388a9f7853865b150159b85a0da95de56559a5bcc814c1b1efbd4813b7,943,2048,JPEG,saved,source_002.bin,
https://media.licdn.com/dms/image/v2/D5622AQEZYq7x1a1j7Q/feedshare-shrink_1280/B56aA8gOCyI0AM-/0/1787721474531?e=1791417600&v=beta&t=lURoW88GTnBFqHDywREHmb3G0uygfTd_hJKtMf87vF0,images/image_0003.jpg,b23815942a0c04792ffd600d5953ac3d54f1442a506a7dcb2e73e2e8e15ad324,1079,1572,JPEG,saved,source_003.bin,
https://media.licdn.com/dms/image/v2/D5622AQHP77Se_ZIX7A/feedshare-image-high-res/B56Z_u85.VH0AU-/0/1786420371819?e=1791417600&v=beta&t=iP8_66PM395YQuYxqApfCVQiL3Rg9USFv6iyTKVcKzE,images/image_0004.jpg,239cb3b9f18fe2617e3688ac8e9b88653b41aed60769e24969b28d204f54faf9,1079,1280,JPEG,saved,source_004.bin,
https://media.licdn.com/dms/image/v2/D5622AQFaasWGChliqg/feedshare-image-high-res/B56Z_u8cHIGcAY-/0/1786420249262?e=1791417600&v=beta&t=xxojrJU-Rvy4jr_EfPbd3fYtBarvx1ttzVUQNJzmleM,images/image_0005.jpg,9b090377aad68b1e691c22648d2edb5dc9af5aef605c00919f98ba461e8274fb,1079,1490,JPEG,saved,source_005.bin,
https://media.licdn.com/dms/image/v2/D5622AQEyoIeEZ__2jw/feedshare-shrink_1280/B56Z_r8oyTKEAQ-/0/1786369969581?e=1791417600&v=beta&t=_Ee1y9FtKw6vLdZwfhrVJO-Fxt_y5POsUCr5HpPFK9U,images/image_0006.jpg,b22f0bdf554d68f7132ea8729267300d016ca5a8386733d76cd2ff45f8e72b6d,1079,1598,JPEG,saved,source_006.bin,
https://media.licdn.com/dms/image/v2/D5622AQG6jzeXgPESFg/feedshare-image-high-res/B56Z_mnmINGgAU-/0/1786280567570?e=1791417600&v=beta&t=vIbcSFqivbaBkpBID57YWvbj9ieonllo_TWtahPSf3k,images/image_0007.jpg,558b7ab67a4ddc34719cca1994068774b45d043cbc273b807172970eeb3d01de,1079,858,JPEG,saved,source_007.bin,
https://media.licdn.com/dms/image/v2/D5622AQGX6oMduzKtGg/feedshare-image-high-res/B56Z_R71e_GsAU-/0/1785933552694?e=1791417600&v=beta&t=4JrG2XN3JX5JpaoECOMDP_sGMl1XMEIZQnj9R7_fLsA,images/image_0008.jpg,a5b85e6b496dfc538c745de8b9da07823e2622580db2a7c3d1556c2b31e10136,1079,712,JPEG,saved,source_008.bin,
https://media.licdn.com/dms/image/v2/D5622AQELcmo-TRowNQ/feedshare-shrink_1280/B56Z_ReNNtGcBY-/0/1785925784706?e=1791417600&v=beta&t=eUxaC02n-DA0u6gazVafYcgvykC52-iP_4pbXDuMPiE,images/image_0009.jpg,1299a21d164dc19e80a5c99cb3271fff51b93aafb1c34b56e68016c4f337b582,1079,1627,JPEG,saved,source_009.bin,
https://media.licdn.com/dms/image/v2/D5622AQHrVHJcCFtWAA/feedshare-shrink_1280/B56Z_RdgesGUAQ-/0/1785925601466?e=1791417600&v=beta&t=Ng5OQBOK6rlUqO8kWJzTl5W5Pj5bSoT0ZCrnLZb6ayY,images/image_0010.jpg,4c5146695272c22d064cccd5ef23c0f2ef1200bbd7ffdcc77b483688164bbc29,1080,1499,JPEG,saved,source_010.bin,
https://media.licdn.com/dms/image/v2/D5622AQFufZDUCdSBDQ/feedshare-image-high-res/B56Z_RdIeCJgAU-/0/1785925503123?e=1791417600&v=beta&t=GoJO3Qh9F6UQlUbBRU4knOmHPlWewVcNO62V85DL4_s,images/image_0011.jpg,96b3409ac6eb049df75fa096ab348d52a4765cdfcb5d079e951884fc96e8e3a6,1080,1285,JPEG,saved,source_011.bin,
https://media.licdn.com/dms/image/v2/D5622AQHA7ehm-6IryA/feedshare-image-high-res/B56Z_RdCKPKIAU-/0/1785925477254?e=1791417600&v=beta&t=zQcYwE9C623BZFrqrFKTunBKab5qcOliMg9kZ6LwB2s,images/image_0012.jpg,3a7c9396e3bc339b625cac0207f4a176e820a5493ef089fc23d5d543ef9715b7,1080,1177,JPEG,saved,source_012.bin,
https://media.licdn.com/dms/image/v2/D5622AQHaOJo_3lecog/feedshare-image-high-res/B56Z.Ux2VMKMAY-/0/1784907523776?e=1791417600&v=beta&t=2MsbNgFYOJg6MxK3qBxJimo5IYFL69fSv2WHSod74v0,images/image_0013.jpg,8093404f4510cf67b80232c7207e56fc909de10933f8f8cb3409f1c46147b579,1079,1291,JPEG,saved,source_013.bin,
https://media.licdn.com/dms/image/v2/D5622AQEEpiWOBe2OLg/feedshare-shrink_1280/B56Z.Cr21vIoAM-/0/1784603963020?e=1791417600&v=beta&t=ORXor4TcDLV6WfwVbOQSjuDQbtwhfHTvGK_4-kFY7B8,images/image_0014.jpg,ff2cbf9f21f67a52ce6b7388163bd74a97dd33c95f16f2a31fd1bfe95956d254,1079,1631,JPEG,saved,source_014.bin,
https://media.licdn.com/dms/image/v2/D5622AQGL9VQgxRltdQ/feedshare-shrink_1280/B56Z9_K38OGUAM-/0/1784544985168?e=1791417600&v=beta&t=sechbRxrxcTwQu8Kju5CJBmvA6lDoF7KQvNOblgxSgg,images/image_0015.jpg,490530d1441b10429404e04c429f0d516a959dcb476aae4c7facc9f3e7771ec3,1079,1608,JPEG,saved,source_015.bin,
https://media.licdn.com/dms/image/v2/D5622AQG8V0Uo3lDjOw/feedshare-shrink_1280/B56Z91XQJJLAAM-/0/1784380457818?e=1791417600&v=beta&t=KQDzw7o4aMokCSae9Gq3B-w5UDfD4nwzQkxzuSUyPd8,images/image_0016.jpg,962c0cfe0c45d79a2e97260d66cc2290ca132515508a56f3f88ea0aeaa49d785,1079,1630,JPEG,saved,source_016.bin,
https://media.licdn.com/dms/image/v2/D5622AQED6C9VjZLFrw/feedshare-image-high-res/B56Z8MixpqKgAU-/0/1782621870927?e=1791417600&v=beta&t=mkv0cpgPPvYsWcQ0t0JMHgMnCAsb5DQpdFWB-1U4Eco,images/image_0017.jpg,234fbeb968de1c13c2b2c6d6575080f05a2a9e53502bc0d9105530f84fa44a54,1079,998,JPEG,saved,source_017.bin,
https://media.licdn.com/dms/image/v2/D5622AQGsZFPDNUY7PQ/feedshare-image-high-res/B56Z8MhlVvHIAY-/0/1782621558353?e=1791417600&v=beta&t=xW843jvFsKqQkSk7Dan64VGgr5_xfNRvgJNNZXXqD2w,images/image_0018.jpg,36940a019ea292db5e2425777e11b7ab73ad833ccdbece0299aacb55e8b7c201,1079,1176,JPEG,saved,source_018.bin,
https://media.licdn.com/dms/image/v2/D5622AQEcP7mQgQWXPw/feedshare-shrink_1280/B56Z8JU9cZGoAM-/0/1782567917571?e=1791417600&v=beta&t=8lw0aBQZzCCb6X-RTXLBKasJVJvdCnj3x9IYuBlMEE4,images/image_0019.jpg,4b8ec403c6965ecc426ffe9ca164b9bfc695934455718212cb1a284b9201e8e9,1080,1348,JPEG,saved,source_019.bin,
https://media.licdn.com/dms/image/v2/D5622AQHYqrX4yPzPvw/feedshare-shrink_1280/B56Z8HAzAhKEAM-/0/1782529077524?e=1791417600&v=beta&t=FUAH2REUUPEVhuQkmrH-AdhgymIAQr5A1wRyjuntP4E,images/image_0020.jpg,1b5e6471a9766badc9b53c4a88a2be8c2067cfa58f1409336885f090f09464d8,1079,1616,JPEG,saved,source_020.bin,
https://media.licdn.com/dms/image/v2/D5622AQG1RqVe7ALTew/feedshare-shrink_1280/B56Z7.9n3HG4AM-/0/1782394027741?e=1791417600&v=beta&t=1OVvNBBK3vHUJhROhPEPk94zVNQ9jjzW2QU5U-S0VDc,images/image_0021.jpg,21b87c0544bb8c907e252a63af23ef8b7459d9a2c3c2f41d4ff0b04b03330b15,1080,1360,JPEG,saved,source_021.bin,
https://media.licdn.com/dms/image/v2/D5622AQGixTNM-M7OCg/feedshare-shrink_1280/B56Z7.QuLqLAAM-/0/1782382257156?e=1791417600&v=beta&t=RcZwLYnIFexAX-i8cr7biqVYrrgqQ9oDUvP4er3STqU,images/image_0022.jpg,a8f5c3b8c1ab90855e54dcdfa3651c3d17f027726234bd827378245a4f4bb954,1079,1615,JPEG,saved,source_022.bin,
https://media.licdn.com/dms/image/v2/D5622AQGtnAUpIQSYKQ/feedshare-shrink_1280/B56Z45aE3dIEAM-/0/1779079597823?e=1791417600&v=beta&t=UgK29X_Dn90EuwhIMUlosQE08vWdBHd4OJC_-YqCEOs,images/image_0023.jpg,51e9f30ed5a49cb7a3c684f84604c2dc1cb6e67cfd88e39e1dc90a46fe4acba6,1079,1675,JPEG,saved,source_023.bin,
https://media.licdn.com/dms/image/v2/D5622AQH_Ods5Jhuw7A/feedshare-shrink_1280/B56Z45ZXXyIQAM-/0/1779079411455?e=1791417600&v=beta&t=mk7882g4llvGdoUBisn9VBihLbotumab6v8ta2j4QBo,images/image_0024.jpg,81b6e45b6418c38e632072fd5fb0def33cc0d0f7f227a42efbf4e937b997008c,1079,1087,JPEG,saved,source_024.bin,
https://media.licdn.com/dms/image/v2/D5622AQG04jm6VjDwNw/feedshare-shrink_1280/B56Z4zpJCqK0AM-/0/1778982883737?e=1791417600&v=beta&t=B70sXeNqL2IQs34brhCAvStZljChqrsfEx5u929wl_w,images/image_0025.jpg,7596159112dac26f3ec5993c4c3b9f9877e623e3917c5c06196f23e9537c2d75,1079,1626,JPEG,saved,source_025.bin,
https://media.licdn.com/dms/image/v2/D5622AQFy1vVWJPT3Zg/feedshare-shrink_1280/B56Z4Qs8A_IYAM-/0/1778396676437?e=1791417600&v=beta&t=itnws3JZEqShEhmQ4GTZVS1m7MOv47u0_U8jUItSXOg,images/image_0026.jpg,6200d3f4db99148fe3c53617d5fa58a881246f8f73f1b281a729ef1ca76bb666,1080,1079,JPEG,saved,source_026.bin,
https://media.licdn.com/dms/image/v2/D5622AQF7gShPfYpeFQ/feedshare-shrink_1280/B56Z4LjAbYGgAM-/0/1778310186929?e=1791417600&v=beta&t=Fgm0Xuys0VtdREB0R8SSaDeT930W0lBBrF-GKielF38,images/image_0027.jpg,af03deb7f7654f1f676f5c19bcab62ded5b2ed4956cec0369597d9e662fd82b9,1079,1061,JPEG,saved,source_027.bin,
https://media.licdn.com/dms/image/v2/D5622AQH1a3Hv82CTfg/feedshare-image-high-res/B56Z3Hl36XKgAU-/0/1777170087825?e=1791417600&v=beta&t=3nraxjb6v3JQkzc_dDYMasKfIXQXTzb3cR8XiBNbsDw,images/image_0028.jpg,82bc6256cc8bcd2426062655d98139a25e220ac0a673ba9c8a40ea58e736cb76,1080,908,JPEG,saved,source_028.bin,
https://media.licdn.com/dms/image/v2/D5622AQGLJuAhssejAg/feedshare-shrink_1280/B56Z3DiPKPJIAM-/0/1777102025671?e=1791417600&v=beta&t=xyPeMIFlu33txtv6JokAoY0jNp2-i52HP5ISW2-nD5M,images/image_0029.jpg,cc1cb91697a1cd06b5986a8a869553b4da58aad1104783c57d7a1dcc24cfb014,1079,1623,JPEG,saved,source_029.bin,
https://media.licdn.com/dms/image/v2/D5622AQEYjaHsCcKagw/feedshare-shrink_1280/B56Z3DhTrpGgAM-/0/1777101782004?e=1791417600&v=beta&t=LTkj9leQWJOOb1UNNrdBG849riSUWPRW5JINng0tCQI,images/image_0030.jpg,ba3e111ab3d1690e88ddccf2e6b4e3741c4525beb74a0ec3c3afec15726cb0e9,1024,1536,JPEG,saved,source_030.bin,
https://media.licdn.com/dms/image/v2/D5622AQHu2NIv7pxkMg/feedshare-shrink_1280/B56Z3DgTsMKoAM-/0/1777101519837?e=1791417600&v=beta&t=dYO8qy0ydk9sCkmh7Ps9rK8_Xaf9GsC4wgpwy9BvvsA,images/image_0031.jpg,423982ba6a74acedf4238a10135859d584123089fff992811d7bcde269c17ecc,1079,1070,JPEG,saved,source_031.bin,
https://media.licdn.com/dms/image/v2/D5622AQHjdDWfNcRs2A/feedshare-shrink_1280/B56Z2ytmglGoAM-/0/1776819792213?e=1791417600&v=beta&t=xmZREmB3_3-A0BBAGGjJSU-ddVH6nJgj_Jio0tT-9ag,images/image_0032.jpg,ecede90592bd9b664d812587531397403544c7e3859af35ca7229f66e412115c,1079,1078,JPEG,saved,source_032.bin,
https://media.licdn.com/dms/image/v2/D5622AQFNV9mTJC9ZHw/feedshare-shrink_1280/B56Z18otI4GoAQ-/0/1775912538923?e=1791417600&v=beta&t=R4zPpImtU3lyku2m23htNp1qDWwzsZlCwwu234jHDYk,images/image_0033.jpg,e951977c70d301938d4664e3e4e9fdb36a48a04c0811dc0809b126aaf5dc919b,1079,1264,JPEG,saved,source_033.bin,
https://media.licdn.com/dms/image/v2/D5622AQEvuS0M_HAuHA/feedshare-shrink_1280/B56Z18oH71GgAQ-/0/1775912386522?e=1791417600&v=beta&t=Vi3PmIB15fcg-bFFHiq7dSdUm1o83V3Rv3tk9r3S5VQ,images/image_0034.jpg,d99488b5117714a5ad6683ccc28d74e88fef68129c796f7da7729491faf5cf4d,1079,1245,JPEG,saved,source_034.bin,
https://media.licdn.com/dms/image/v2/D5622AQHSxxuuYncfWA/feedshare-shrink_1280/B56Z18nmqXHAAM-/0/1775912250264?e=1791417600&v=beta&t=3n_DXJcxT9T2McB0V0EytiMcp-Oakdqwac0ATtv6Z8c,images/image_0035.jpg,ee9f87240390c91ac79fc8e4c5449990536c1e53343644a476e2aec97976526a,1079,1270,JPEG,saved,source_035.bin,
https://media.licdn.com/dms/image/v2/D5622AQEeLz_bJGjwOw/feedshare-image-high-res/B56Z18nD75GoAU-/0/1775912108049?e=1791417600&v=beta&t=Ajt5wg7YHN-DXtEWhdAEdjy7w7NMCehGH9B0SUmOma8,images/image_0036.jpg,4ec00896d9eb5f77b93a4e62e9ded6a31446aeb12d8788136cc799c0c383f718,1079,1528,JPEG,saved,source_036.bin,
https://media.licdn.com/dms/image/v2/D5622AQGHIgyeG8EkcQ/feedshare-shrink_1280/B56Z18mNTcH4AM-/0/1775911884259?e=1791417600&v=beta&t=y0lYih5QxIVv59t69FKF2AHYoHNG4QRpmFEKl94vfTI,images/image_0037.jpg,e2d80bcc7a846de739d1d0e2df65754ef0a86c0c7a984106ed97655dc98a8cfe,1079,1172,JPEG,saved,source_037.bin,
https://media.licdn.com/dms/image/v2/D5622AQGu63AehYaADQ/feedshare-image-high-res/B56Z18lXPHKcAU-/0/1775911662803?e=1791417600&v=beta&t=r2I5MdpbDN9jdqM0WmhBpVEPQPRqZHUKoGDkP1lyqjA,images/image_0038.jpg,6c0baf277ad21a2939b00ee4b557ef2614a98055f9260fa128c9fdc38b2dfc49,1079,1532,JPEG,saved,source_038.bin,
https://media.licdn.com/dms/image/v2/D5622AQFbLnfQGO9T2A/feedshare-shrink_1280/B56Z1JeSEbJgAQ-/0/1775054168605?e=1791417600&v=beta&t=TbGrj7Nn3gRUdo6PUYz8I2jBrPkwjeFLDyXy9IHAQXI,images/image_0039.jpg,1d7b7eaca7baa48374cd1c0fa04f5c3e9af0c51202cfe7ad332afff85dee3569,1080,2400,JPEG,saved,source_039.bin,
https://media.licdn.com/dms/image/v2/D5622AQEM4DnzyRyXzA/feedshare-shrink_1280/B56Z0qLQKkHoAM-/0/1774529086398?e=1791417600&v=beta&t=yqtpvthYbMZh98A4YSAvWdhtOjzZRNVbRkqrpJG9XPI,images/image_0040.jpg,0b40f443234732c39411e78d0346d92a01d4b26b769613614154e9975ce226e2,1080,1372,JPEG,saved,source_040.bin,
https://media.licdn.com/dms/image/v2/D5622AQGh5h-J-BwcgA/feedshare-shrink_1280/B56Z0qHCdBHIAM-/0/1774527981668?e=1791417600&v=beta&t=82fsVGSFvT2cw_IyP1WVF8I9KNmQqhWkY_rl4HphYzk,images/image_0041.jpg,fea1e97edefe45079724acca396c35fbeb55c8ee48728e47a05365a533d179f8,1080,1631,JPEG,saved,source_041.bin,
https://media.licdn.com/dms/image/v2/D5622AQHC08_3oNdH5Q/feedshare-image-high-res/B56Z0ouDWiGsAY-/0/1774504654489?e=1791417600&v=beta&t=hY9MJGpVQEh-11XYBHSJPhL_e5mdvJtxKGL_HKqRRgU,images/image_0042.jpg,7d4ab56ffadd91a8ecb1068d65d953097cedd3d0a586fdda7228698796ded4df,1079,1348,JPEG,saved,source_042.bin,
https://media.licdn.com/dms/image/v2/D5622AQGiUhjlTcXvDg/feedshare-shrink_1280/B56Z0otnrhJkAM-/0/1774504541131?e=1791417600&v=beta&t=lD2dgEcWW47aXujIUdaQei-1APqv71dWCOW-vMZsEUU,images/image_0043.jpg,0597203d23dbc415bcae1c028969ff966319855d458a8eba637dea03b868dac5,1079,1344,JPEG,saved,source_043.bin,
https://media.licdn.com/dms/image/v2/D5622AQH90d3SaVPj3A/feedshare-shrink_1280/B56Z0otFFJJgAM-/0/1774504399429?e=1791417600&v=beta&t=WGRbadDEz_-Q9i5M8JF6X1Sg3q1_H33yeaSFFE7Xp2A,images/image_0044.jpg,8dcbaa1a2bcd0d0687386e2d8bce8e94fe0e97cf03bd001cb8bd38e25250984c,1080,1607,JPEG,saved,source_044.bin,
https://media.licdn.com/dms/image/v2/D5622AQGJk6dcMOP68g/feedshare-shrink_1280/B56Z0LIT.CJsAM-/0/1774008221807?e=1791417600&v=beta&t=h4gin6ByqT6YuSabHoJa2_YuqxZijFpamwbJQ3vmzos,images/image_0045.jpg,1a51ee91111ee62fe8ed774bf54b653b61980090bc547bf591169e00fee94ebf,1080,1611,JPEG,saved,source_045.bin,
https://media.licdn.com/dms/image/v2/D5622AQGXuZSgslaepA/feedshare-image-high-res/B56Z0JkNwOKAAU-/0/1773981981981?e=1791417600&v=beta&t=MU82_4DprxvhXZekfup73Od8GjJ2jEnxBgsSibwPjYg,images/image_0046.jpg,7623a787c4d98cc0d6186520b8b7fede60d2067dc44cbb3a7f53503d526f5e90,1079,670,JPEG,saved,source_046.bin,
https://media.licdn.com/dms/image/v2/D5622AQF5vDGEWV9ALA/feedshare-shrink_1280/B56ZzakwLbGkAQ-/0/1773193593822?e=1791417600&v=beta&t=zJa8QtkoXzxGpt2688wzliAojSjStPEwzVqTEyXRUh4,images/image_0047.jpg,045fe3894cb4a542923d292244b5e02a2351fc05d51c45b4599e82ba7e5ed28f,1079,1616,JPEG,saved,source_047.bin,
https://media.licdn.com/dms/image/v2/D5622AQGP6HaTqUzRJg/feedshare-shrink_1280/B56ZzXgh34HAAM-/0/1773142154997?e=1791417600&v=beta&t=jVG51xxWA5oz_HJj2V_m8nMEOQiLUaZhA-hDnKMhPGI,images/image_0048.jpg,9b5f8ea6d106b26c5c823d74e9e5d407f57844d7ee587275885440d6fb0eb608,1079,1542,JPEG,saved,source_048.bin,
https://media.licdn.com/dms/image/v2/D5622AQHEOvzhrusTQg/feedshare-shrink_800/B56ZzB5AF6HQAg-/0/1772779471616?e=1791417600&v=beta&t=Vibmq3v51KHIxbHmXA5vkUgvrLJR-naOW4_Qfqt1wgQ,images/image_0049.jpg,6636b84e8e54eb9ac1025628b6eb1b710e6e1cb4b61782f6c8caaa739b1b81cd,800,767,JPEG,saved,source_049.bin,
https://media.licdn.com/dms/image/v2/D5622AQGQpaHcmlSsRQ/feedshare-image-high-res/B56ZzB4bQ0GQAY-/0/1772779320635?e=1791417600&v=beta&t=_a8ioVKhjS6yKJMVdvKzU28FcuPJe6932SaSdDIiPfE,images/image_0050.jpg,c4c66f7526d6dbaa3d643ae7ac75da3bf0a8c60bea392ffaf2977accc3191995,800,1200,JPEG,saved,source_050.bin,
https://media.licdn.com/dms/image/v2/D5622AQHT1YoIG84mSA/feedshare-image-high-res/B56ZzB28nnIkAc-/0/1772778932954?e=1791417600&v=beta&t=qGCO22rpwa6-nqt-aXR1wFhOZKbDsHQl1w1JcpiI4yU,images/image_0051.jpg,7f4627acc51612acba4b8cacee6ddda0e839edd2cd00c2a136f48cebeb42c1dd,1280,1163,JPEG,saved,source_051.bin,
https://media.licdn.com/dms/image/v2/D5622AQE9KTObJ1_I5w/feedshare-shrink_1280/B56ZyiCiKIIwAc-/0/1772245099382?e=1791417600&v=beta&t=-TdlfMcC13iAbFRlRIdGt_xIoCYjl7dDu81YHg3lEas,images/image_0052.jpg,7736d84ca1278112ef929dbebc9f5758837ac6253b1278c0a5658317376ecc19,1074,1619,JPEG,saved,source_052.bin,
https://media.licdn.com/dms/image/v2/D5622AQHVLTc8O8HgCQ/feedshare-shrink_1280/B56Zx.Dl3PIAAc-/0/1771641396977?e=1791417600&v=beta&t=GN3L9Pnbf5Tf8kkvTC-CgKAVveEQ7ynTxPhmNv0Jix0,images/image_0053.jpg,de9d83a1b726f7a8f0809b6fe4e57bc1b50ccf570f5757a7f1c0f8333a9f65fa,1024,1536,JPEG,saved,source_053.bin,
https://media.licdn.com/dms/image/v2/D5622AQGBeYXOhenSEw/feedshare-image-high-res/B56Zx9_DhmJQAU-/0/1771640207739?e=1791417600&v=beta&t=jqKysZaT7u1tbikpqqrVReirt4O__KZqdTlnScNH1_U,images/image_0054.jpg,f9e038c8b7c3858d4a85d5fd6f6512306ae1270cd798e15278d1393d0330f8b8,1280,817,JPEG,saved,source_054.bin,
https://media.licdn.com/dms/image/v2/D5622AQF8ga_aSbeedw/feedshare-shrink_800/B56Zx98AOFHUAg-/0/1771639407789?e=1791417600&v=beta&t=JuYqDc0Tst7loojhJPWmyYzrvvX5O9YYj6MnDN7ab74,images/image_0055.jpg,63a3cf4b95b922730125a0bf0391bf583f1e75adca20133796ed4e8b768cf4bf,800,1088,JPEG,saved,source_055.bin,
https://media.licdn.com/dms/image/v2/D5622AQHmkpIXJ5Ht6A/feedshare-shrink_1280/B56Zx97pG9JUAc-/0/1771639313092?e=1791417600&v=beta&t=Hhe7rv3y10bY7pmrRNQgVubocTijp0W912Up7ZQu1cc,images/image_0056.jpg,2fae75262349152c80a159ddd958d5b58615848212716d8afa5abf43f75c10be,800,1129,JPEG,saved,source_056.bin,
https://media.licdn.com/dms/image/v2/D5622AQHAV4fxaSB91Q/feedshare-image-high-res/B56Zx6545dJUAU-/0/1771588521895?e=1791417600&v=beta&t=AHcqD-Yaj-gQDevYyc4Y23QDVlNgak-x8E8B1ERwbjs,images/image_0057.jpg,500a810869200dd91e8208eb66647988df1b75a4ab75c0d51137628776d2aaef,1024,1536,JPEG,saved,source_057.bin,
https://media.licdn.com/dms/image/v2/D5622AQHbsOHTQ2z2GA/feedshare-shrink_1280/B56Zx65XYZKMAc-/0/1771588384577?e=1791417600&v=beta&t=CFp40h2qYkAhBHLmjyofJ76JWIZXJTjCRVs-aFbyWFI,images/image_0058.jpg,e7071334d5a1f5122d92b1d52591f7addd373a19930875508ff25ba3623a734b,1080,1620,JPEG,saved,source_058.bin,
https://media.licdn.com/dms/image/v2/D5622AQH8cuE3Ydow0A/feedshare-image-high-res/B56Zx64w_jIIAU-/0/1771588228552?e=1791417600&v=beta&t=VtMjujKQ4Vo_GjQCRzbkpHJC0hl-PS3l0Xw-BTyor3o,images/image_0059.jpg,abb1f7342534e1e7183031e18be4bc5559c31abab6b3275a2d20f9b1f5be7653,1024,1536,JPEG,saved,source_059.bin,
https://media.licdn.com/dms/image/v2/D5622AQEhWCrYRTqVlg/feedshare-shrink_1280/B56Zx63TrpKAAc-/0/1771587845176?e=1791417600&v=beta&t=5I4bTs6GGdrlHWo-ig3jcRJ0CGmk1HA3JFUtTNsd1YA,images/image_0060.jpg,ed41da49c150d4af324a4ba8188a198604c096aa2a1d00a74af51536ca967902,1179,1398,JPEG,saved,source_060.bin,
https://media.licdn.com/dms/image/v2/D5622AQGIAt6OosRtFQ/feedshare-shrink_1280/B56Zx62UNxKkAc-/0/1771587585142?e=1791417600&v=beta&t=Jnk1S_oZ0o2DBL22PIt5PA9TS3z-WZUREvLptahRYUM,images/image_0061.jpg,3a411eb4ed2f60f79f6737b5dc2295d96e97b5dc024715e84075b1e9f3115365,1200,1500,JPEG,saved,source_061.bin,
https://media.licdn.com/dms/image/v2/D5622AQFjIMImrBb6jw/feedshare-image-high-res/B56Zx61mc9HoAU-/0/1771587397711?e=1791417600&v=beta&t=NKz3cGGK_eb6toFEn9WI67JEYSR5N03oUAIqE45kRgg,images/image_0062.jpg,3c2e075b05ac9ebe645cfd2822a19f1b6da0b1543ad3af448a74369eae1a53d4,851,1040,JPEG,saved,source_062.bin,
https://media.licdn.com/dms/image/v2/D5622AQF-58AWUeuIag/feedshare-shrink_800/B56Zx61DTPGwAg-/0/1771587254232?e=1791417600&v=beta&t=wRdb-d3S-YnK7rpJgIWyN6BqA5gd7xunDrPluIek6y0,images/image_0063.gif,da42600899a03522a27d1a129cf87a929c0546dbaf1088ce91471a4361cf6576,800,800,GIF,saved,source_063.bin,
https://media.licdn.com/dms/image/v2/D5622AQFQ4M-81nICsg/feedshare-shrink_1280/B56Zx2St5sGwAc-/0/1771511144386?e=1791417600&v=beta&t=ZXgFgnXFGIg4HDMaER1PHXkSIPCfk9JPQvk7dKQh81I,images/image_0064.jpg,56edd990bc81434f5c528c6221d953f01d1d83ed5729d44b19ed1166d661279d,1074,1626,JPEG,saved,source_064.bin,
https://media.licdn.com/dms/image/v2/D5622AQEO-MhwPD-JXA/feedshare-shrink_1280/B56Zxz0qYcJQAg-/0/1771469711185?e=1791417600&v=beta&t=75rx3x4vjm74CtNbW8ako9ro04giSyjAElMrC2yc2bI,images/image_0065.jpg,35bce46e63a6a9859884dc45781e5713ef35925118efc0e4ba01d5f1a6c383c8,1079,1612,JPEG,saved,source_065.bin,
https://media.licdn.com/dms/image/v2/D5622AQHatAHGsosIiw/feedshare-shrink_1280/B56ZxzzgYgJQAc-/0/1771469408068?e=1791417600&v=beta&t=rgE0K7yHnMK5mTl1f1Vz_xZXWRR0TRiBBmVQzcz83Zg,images/image_0066.jpg,b964ad6cff17a88d5ebc67b8bde2bc04438fa83519c9c118fee5cff135b6684b,1080,2400,JPEG,saved,source_066.bin,
https://media.licdn.com/dms/image/v2/D5622AQF90xGWRiSOEA/feedshare-image-high-res/B56ZxwVXnyHoAU-/0/1771411176130?e=1791417600&v=beta&t=OiviyeRUtpTa70YeshAVkqMNcRCKFE-FOLH0ESXbNv4,images/image_0067.jpg,2a5592f142099d8684d8e6c66b231cbea5eec053a7c92d49878e84892f63ff0d,475,706,JPEG,saved,source_067.bin,
https://media.licdn.com/dms/image/v2/D5622AQH9g0VDFzXOLw/feedshare-shrink_480/B56ZxwU6ItHgAo-/0/1771411055403?e=1791417600&v=beta&t=o-GXb1BsKqo_FdEiwPjEVzwN5uHulM5G-ktfeRbGzFI,images/image_0068.jpg,5dfadfcadd151f3fab16fd8def1b0fbfcb7cec766064233a173028f85367b07d,475,711,JPEG,saved,source_068.bin,
https://media.licdn.com/dms/image/v2/D5622AQGybaGzaQXAdg/feedshare-image-high-res/B56ZxwTcLUHQAU-/0/1771410670496?e=1791417600&v=beta&t=pWI2wQrS-viPYb7fcyp2ConVfsC5fwEnDLk6ge16hzQ,images/image_0069.jpg,e0eb2b78c36b0f3af72e9f8f65ac7db888ce2210d2a3d4dea5229c76c578c4e5,474,707,JPEG,saved,source_069.bin,
https://media.licdn.com/dms/image/v2/D5622AQE-eqOXNdjpWQ/feedshare-shrink_480/B56ZxwS0qrKAAo-/0/1771410508716?e=1791417600&v=beta&t=1EVb-910z8hR8KaLSPT8WzJWfXczIswCcY_OWtLwGc4,images/image_0070.jpg,fef6372f9cb8e57bb6efe186f8a00bb066fd9ffabb7dfd9d913246e22b378a60,439,730,JPEG,saved,source_070.bin,
https://media.licdn.com/dms/image/v2/D5622AQFZ7qHP3YTybA/feedshare-image-high-res/B56ZwyqMFAGYAU-/0/1770376446481?e=1791417600&v=beta&t=GNWV7L8AL7sY8XArrYTxxpmmpppLr3nnC151Wz3r6NI,images/image_0071.jpg,555586523e8806b2daaf8e42f62d9e32abef00a1599c409e3398503299085d67,640,809,JPEG,saved,source_071.bin,
https://media.licdn.com/dms/image/v2/D5622AQGu7km2VVrtag/feedshare-shrink_1280/B56Zwo6AtlJoAc-/0/1770212822049?e=1791417600&v=beta&t=ZMzZJbEwV0AuVExKwdWPQ4gpXLAcdf5xESTZiMMB3cc,images/image_0072.jpg,15ddd8617990e1f928df6b4816c3ffee0e07f9b12feeed1a07b8f686ebbe8bc3,485,731,JPEG,saved,source_072.bin,
https://media.licdn.com/dms/image/v2/D5622AQE9-mrdh8dVLw/feedshare-image-high-res/B56Zwo5LZXGYAc-/0/1770212603686?e=1791417600&v=beta&t=Zve9nzeufBTux9FCtjy8CJN7ebdk9t_7k7hE9A5VUYM,images/image_0073.jpg,4ea42887b72b2c372edd50ef9ecc99a70b55caf691a781b860bcb62d8982212e,883,721,JPEG,saved,source_073.bin,
https://media.licdn.com/dms/image/v2/D5622AQEuaVOIUgroSw/feedshare-shrink_1280/B56Zwi6S2RHIAc-/0/1770112233090?e=1791417600&v=beta&t=kfrKm4q5BrKAqejSrEu1PgSB2QdMla_NsKBpWWUkIFA,images/image_0074.jpg,fc8eddb1c6dec9f886ce907d675c8301ffdbe26a5fbc636cab3e49f8cc093356,800,1200,JPEG,saved,source_074.bin,
https://media.licdn.com/dms/image/v2/D5622AQHlnXi3wBPU8Q/feedshare-image-high-res/B56Zwi3nYYIsAY-/0/1770111530728?e=1791417600&v=beta&t=Io_lJfefukAtOZPOublaR5wqcu4ymTZh0kSIv4htT6I,images/image_0075.jpg,26479e3a1571ba396541dbc29602850804bcc6a15654daf0e2faf560168bd4de,490,735,JPEG,saved,source_075.bin,
https://media.licdn.com/dms/image/v2/D5622AQF3EbxzMK3PhQ/feedshare-shrink_1280/B56Zwewm1IKkAc-/0/1770042584687?e=1791417600&v=beta&t=Lb1MMKr2Z2JNiWTUL0YVRs6uU4mPsun-bKHPMjoSomc,images/image_0076.jpg,1a211a3c6094d65af42288b74a761c5c9523e89caa150964eb4e6efa469f9801,1080,1636,JPEG,saved,source_076.bin,
https://media.licdn.com/dms/image/v2/D5622AQEyZDYaO3MoKA/feedshare-shrink_1280/B56ZwPDD30JEAc-/0/1769778986699?e=1791417600&v=beta&t=sfRnrHfgUFXgCtowiohddRTQmSydgY3mXcUBbNNmV50,images/image_0077.jpg,ad593c262b4a5ed328ba38e2a9f2aaede48b27d7f4db517ba798ee5885fba9b1,1075,1611,JPEG,saved,source_077.bin,
https://media.licdn.com/dms/image/v2/D5622AQF1zqwVPJB_sA/feedshare-image-high-res/B56Zqu8eC8IYAo-/0/1763871679247?e=1791417600&v=beta&t=QIjc_NeHI2u_8oPgfW-eOiYIIHZiig2sAuMJic3Yh2c,images/image_0078.jpg,9b381d40f38b0431e89952033d27fd16d331056e8efcea3957930c9c59a97a52,1080,419,JPEG,saved,source_078.bin,
https://media.licdn.com/dms/image/v2/C4E22AQFnpZgLcVpbhA/feedshare-shrink_1280/feedshare-shrink_1280/0/1583734303395?e=1791417600&v=beta&t=S5JHWNw6svmV4Hq92e1WXNmCmvyX4YV0e9IzD4yPIlM,images/image_0079.jpg,86d1d1382a01ac681d0b12a729b303a1d3fa14f8b764254f537da59199c228e4,639,893,JPEG,saved,source_079.bin,
https://media.licdn.com/dms/image/v2/C4E22AQHviRBLX_FuNw/feedshare-shrink_1280/feedshare-shrink_1280/0/1583627602870?e=1791417600&v=beta&t=O_yOE4LJVPxO8pAOhEbREKl_ZoZhKxt0uxhXRkWwR5E,images/image_0080.jpg,d181b6bb4bcf2a7d0f152891b23c73d64c1e924d9b29cd38020158215b2ce917,712,328,JPEG,saved,source_080.bin,
https://media.licdn.com/dms/image/v2/C4E22AQFs96EP8aHCcA/feedshare-shrink_1280/feedshare-shrink_1280/0/1584009181208?e=1791417600&v=beta&t=DT3fujOQTpEZth6DmyDoQ7lSprkmBvIjWSBXv0Vxq7c,images/image_0081.jpg,d198cb8203fd7548731f074decc7aabb205c6035aa92f4521c96ff4272eb6bb7,1125,1250,JPEG,saved,source_081.bin,
